date,open,high,low,close,volume
2023-01-01,100.9702684569356,100.9856437392059,100.06527792381092,101.10429767082037,696
2023-01-02,101.95457302322845,101.99276191011056,101.17488774085649,101.8934429315657,811
2023-01-03,104.06688821107852,104.78291036910647,103.2342276448855,104.03533177048678,173
2023-01-04,102.45081837771146,102.94879649198548,101.51557990582357,102.5979358925708,576
2023-01-05,102.4296287402007,103.27874258818026,102.02860726668025,102.31028568703739,205
2023-01-06,102.0507834852244,102.63735337486688,101.13976131550234,101.9403348713589,433
2023-01-07,102.41038995536574,103.379010012609,102.22360905225092,102.35947393174283,208
2023-01-08,100.7775315656985,100.84188211869571,100.56545482564717,100.88561795967557,783
2023-01-09,101.13388835043403,101.8785348367685,100.85724009434395,101.24334768156608,838
2023-01-10,102.48599778284304,103.10063338628278,101.97405616915547,102.42540070964385,539
2023-01-11,100.85618468632059,101.54255350597093,99.91299344336932,100.86996740496097,162
2023-01-12,101.1290548407478,101.3921166416157,100.86216004034128,101.07124409469102,976
2023-01-13,102.02872446675487,102.13299501098972,101.65236468194848,101.98080649911078,374
2023-01-14,103.11974187229993,103.88688999366511,102.29493729338984,103.0305235843513,342
2023-01-15,104.61086887489608,104.78116846503286,104.17557022878876,104.61799794488697,778
2023-01-16,105.98407974112156,106.92724850827088,105.48991674426894,106.06185280658073,430
2023-01-17,105.05485641624168,105.85138948916875,104.77017883296574,104.89333859146798,811
2023-01-18,105.20839513840744,105.43098580357491,104.49505448314282,105.07909070489026,432
2023-01-19,104.877517548339,105.11662629499888,104.08773267399371,104.69537743213158,431
2023-01-20,104.1783080570576,104.29590490813301,103.73570356654604,104.11553508979354,224
2023-01-21,105.6159216811331,105.73108347330579,104.92536519055732,105.62970429970257,507
2023-01-22,105.71757704469293,106.34391578565733,105.55195478823485,105.6616228815418,989
2023-01-23,105.00424101091113,105.21890256272243,104.0913710743953,104.81479825601942,649
2023-01-24,104.52861899831359,104.9738468498527,104.38762134926837,104.50060761989651,963
2023-01-25,102.71646670638128,103.26680684230429,102.6263236627458,102.79928330388728,232
2023-01-26,102.45430069375799,102.58433743117001,101.78382924570926,102.34311165195554,169
2023-01-27,102.38226619254812,102.65244749433245,101.5993992958829,102.55654352961702,431
2023-01-28,102.09648865023833,102.83299384688206,101.20921519971343,102.07987090629149,400
2023-01-29,104.21135491316738,104.89035646235588,104.18800691741185,104.28577086867286,230
2023-01-30,104.38162675187658,105.25785085296525,103.96300886646765,104.18175576664748,352
2023-01-31,105.2748215931709,106.10816239996556,104.51065463959688,105.12784432003816,765
2023-02-01,105.47337621900184,105.63969061898626,105.18077907121703,105.45144189425523,999
2023-02-02,104.46783147365541,105.19362160383537,103.74058107263838,104.43903744010402,271
2023-02-03,105.02447582519557,105.1162836632267,104.06904936335698,104.97694537554302,192
2023-02-04,105.36279736627881,106.09785076010893,105.01061351955435,105.2881986810574,733
2023-02-05,105.3072751544411,105.68104618260048,104.35964034163828,105.28536536814181,514
2023-02-06,106.40513074125757,106.8290428332891,105.83217579441687,106.29033565656147,657
2023-02-07,107.09468837840646,107.28794554267783,106.33874565147475,106.8913515157658,521
2023-02-08,106.38238168456063,107.34823407591611,105.9603026575331,106.41609638468519,234
2023-02-09,106.37876449957058,106.84322053479019,105.93915108945559,106.33650697606407,122
2023-02-10,106.29935990583016,107.030401173908,105.4326354276521,106.54613749941325,974
2023-02-11,108.25333713477103,108.59699008587475,107.59806657958337,108.1503656945357,728
2023-02-12,109.15158399510074,109.39498319763598,109.03778172527852,109.16556725573828,345
2023-02-13,110.21782174871544,110.9536476678252,109.4023921186637,110.14349985471964,232
2023-02-14,111.79476147139337,112.09209092339057,110.91530350378888,111.74343385392483,704
2023-02-15,111.93398292655642,112.3702509224068,111.46514920739905,112.10526770910391,573
2023-02-16,112.39268837136989,112.64766539961536,111.73930674435896,112.43656347346618,916
2023-02-17,112.29295861450106,112.82723937606373,111.58729568690777,112.29181944032706,771
2023-02-18,112.60736931643578,113.51835015930038,112.27786515963497,112.6947916287138,311
2023-02-19,113.95420389979469,114.85931225869307,113.43351174770588,114.04296432759844,730
2023-02-20,114.30980409457933,114.60327927022693,114.1908252763102,114.35597228232045,309
2023-02-21,116.38737707518422,116.39018672297131,116.1363807250862,116.2535802001894,313
2023-02-22,118.55920068355601,119.07955446700493,117.98876824641388,118.5866748534763,483
2023-02-23,119.55941319731079,119.88568556414909,118.9173528002197,119.6064259936457,727
2023-02-24,118.4140744234514,118.75129721702555,118.13861962328481,118.42981114549139,227
2023-02-25,121.34938561099364,121.425461262468,120.82063708983922,121.3026619569486,569
2023-02-26,119.66998790139473,119.91307937216031,118.9958345588759,119.66892620869538,100
2023-02-27,120.96156260145695,121.18821749672092,120.61862011002746,120.89815008474729,440
2023-02-28,120.82805063896605,121.8036157704084,120.29883355229674,120.91854442702322,344
2023-03-01,120.43716150289983,120.70988642573678,119.76273443427195,120.51191606668132,769
2023-03-02,119.88329624123651,120.63385408920634,119.16544746994566,119.77810881575388,728
2023-03-03,120.01265633694635,120.66317674785287,119.65672227661943,119.91996719954884,462
2023-03-04,120.0944346643526,120.43490810145671,119.64878143398462,119.96868863523552,742
2023-03-05,120.74261707753408,121.38666473128589,120.02667941425398,120.77949446586574,127
2023-03-06,119.43782044578163,119.53156081199553,118.57951634093979,119.4755259990605,951
2023-03-07,118.28018822767902,119.19614088139058,117.71219942626115,118.16420460408926,411
2023-03-08,119.91916882608905,120.66762904938147,119.14247566008447,119.95869619300926,716
2023-03-09,119.05359757033489,119.48963348452835,118.97681568327818,119.05375058091856,121
2023-03-10,119.05577090016634,119.95743185063046,118.31712100191874,118.89953204932631,145
2023-03-11,119.36698615187484,119.75050170828408,118.78397468462875,119.43436009562839,740
2023-03-12,119.2291188906531,120.00780841874035,118.65338595419344,118.97674179017021,381
2023-03-13,119.85467433915089,120.70156663325959,119.2860878662428,119.8854212964385,901
2023-03-14,120.49756214832036,120.7420692095491,120.07375054957967,120.43174637699053,167
2023-03-15,119.94971741990406,120.83103381007331,119.15295799512539,120.10230449450225,235
2023-03-16,121.32856390851148,122.21878954011085,121.2513158621455,121.29952718049189,535
2023-03-17,122.43316880666995,123.19683438894722,121.72266681370661,122.45399961506607,293
2023-03-18,123.97112934477857,124.15750871196569,123.48787987108823,123.94006857428691,345
2023-03-19,124.14852096843741,124.51279159314402,124.0391123795926,124.00468398828455,892
2023-03-20,122.7692360815087,123.06667800527474,122.30947081314434,122.81186755271493,887
2023-03-21,123.67896850991681,123.68007869600612,122.99366653278808,123.7871042791277,514
2023-03-22,124.85342573898166,125.51921907115148,124.6307397324329,124.99011485443788,236
2023-03-23,123.64161603255937,123.95650476496765,122.9102979750193,123.44972247868894,917
2023-03-24,125.24777518599835,126.02247775759797,124.60010461847509,125.12347487520468,976
2023-03-25,125.52997571268824,125.99495764175788,125.0382782651103,125.46048194722005,263
2023-03-26,125.21089184067873,125.77737150941908,124.5530022115726,125.30426383203306,961
2023-03-27,124.48617056976894,124.75475517975634,124.39109857556906,124.5913044164858,772
2023-03-28,124.82669728252168,125.72393695664609,124.2134555358215,124.91018703843977,702
2023-03-29,124.50608686827682,124.85707374870282,124.4447358585955,124.41270520452936,677
2023-03-30,123.76788781204684,124.41531625210987,122.84081805542849,123.67040865748635,760
2023-03-31,124.42785311140565,125.12946217354144,123.43190023202314,124.40145693951615,490
2023-04-01,124.5484398740637,124.55199225355558,124.52369680661384,124.41723048712643,102
2023-04-02,124.46000222522342,124.5785250576449,124.29623545285988,124.53119327758347,338
2023-04-03,125.62402386728844,126.46330845244665,125.25294330693455,125.58266009891085,987
2023-04-04,124.37268812719732,124.73714839133359,123.70192612786065,124.3803949809338,983
2023-04-05,122.51689002126808,122.72317319742835,122.19180929261178,122.48345296262761,727
2023-04-06,123.67110944177617,124.06636035879134,123.2591947391992,123.74836189254862,138
2023-04-07,123.77646310903432,124.65120611094518,123.04119382170013,123.93510602582933,851
2023-04-08,125.10952152557154,125.58142316098302,124.82290125213072,125.06118119038624,737
2023-04-09,126.47867810624089,127.12437566110842,125.98424275938208,126.50193719464578,743
2023-04-10,126.16069102953111,126.43973078095476,125.8454412821441,126.19575858377908,974
2023-04-11,125.963118508134,126.94962335145713,125.0712516431951,126.10249131174257,798
2023-04-12,125.51783308831152,125.68621743060031,124.80660967745041,125.58284577175054,434
2023-04-13,126.49260044011598,126.62704695998646,125.82114497014999,126.42270585845564,678
2023-04-14,126.80794868108354,127.38522519871448,126.38642803818537,127.05985779964092,692
2023-04-15,126.4639821715686,126.95585005479464,125.86501593650549,126.3195512986757,258
2023-04-16,126.4370186418561,127.40007292932432,126.17575460808612,126.3623116566937,306
2023-04-17,126.21834912426087,126.61195954450109,125.50306919606997,126.44242493110653,559
2023-04-18,126.58439942282739,127.45649198021299,125.61985778950897,126.75580131560126,711
2023-04-19,126.06807174496839,126.72406399859614,125.20433391075989,125.92337700393557,861
2023-04-20,125.98465297201739,126.96592655430378,125.42840599031076,125.96687993069543,679
2023-04-21,124.93060696868892,125.20910392167,124.13395856586534,124.96619756222638,631
2023-04-22,124.05972175432206,124.33642918457991,123.12362453960147,124.13648621432688,428
2023-04-23,124.36837142877197,125.01994381039867,124.3123136355307,124.36708322687889,703
2023-04-24,123.93795714740929,124.8127070812224,123.54139159135951,124.09871649169423,386
2023-04-25,125.98847996922923,126.46658240578678,125.8229402194742,126.1188299905854,339
2023-04-26,126.9639504150379,127.48278271750718,126.84183729874964,126.78870823239666,328
2023-04-27,127.468828948489,128.4642196622335,127.46147124932003,127.4197228741946,839
2023-04-28,125.7313868550825,125.98056090894654,125.43938017959668,125.75091858879715,516
2023-04-29,124.809927077706,125.65988678218928,124.62116562355153,124.71781860916585,981
2023-04-30,124.5985255469761,125.23273077650661,124.24539037059141,124.80889042513061,822
2023-05-01,125.61755856777535,125.8203614177251,124.97833710082114,125.50852855500378,796
2023-05-02,124.19946223853479,124.75955445362887,123.70361457901916,124.35128963688584,276
2023-05-03,124.32360273421553,125.23800659284265,123.91201839817744,124.27670757314968,475
2023-05-04,123.44801100893633,123.88284741195454,122.80330544611512,123.48442667514823,579
2023-05-05,121.4748702971714,121.56748484884604,120.69201704440108,121.36295137858608,841
2023-05-06,120.15643449240474,121.02538798007001,119.24369808578173,120.16606261809304,994
2023-05-07,119.75768843981422,120.5530742204497,118.9153357961194,119.52372665852107,257
2023-05-08,119.71993562000779,120.25798253126892,119.42851612708935,119.79806940652705,933
2023-05-09,119.66370998604435,120.38582493209046,119.04143261410215,119.7231803675542,125
2023-05-10,119.34506632493185,119.72065082687845,118.98324824001375,119.44654693131035,656
2023-05-11,118.66364621177576,119.55734009293953,117.75723879576553,118.68706827231304,193
2023-05-12,118.46694045831718,119.43624691680655,118.14011611792975,118.51703976496631,333
2023-05-13,119.39158881917834,119.60541985271011,118.71630492019041,119.29614678329465,939
2023-05-14,119.9955154281641,120.77264121188524,119.0764791426519,120.0819507433176,767
2023-05-15,119.98221150418493,120.69860965489275,119.06056187928823,119.95644606989568,144
2023-05-16,119.58185314053007,120.31037043260977,118.70060797665424,119.4737543094791,187
2023-05-17,121.50403964958214,121.64495523528899,120.60025486123465,121.52794584007573,281
2023-05-18,120.63219863573438,121.24300022725976,120.22694368475591,120.54693400305423,161
2023-05-19,120.42272587973956,120.51113547915286,119.61197073487635,120.36280061624286,909
2023-05-20,121.5271765560757,122.51331175784074,121.5161915103623,121.59673102913379,123
2023-05-21,120.77789101467124,120.81319403143662,120.1718703466784,120.86808415608137,789
2023-05-22,119.38408843264222,119.61074488815278,118.91556906917201,119.21420485942038,675
2023-05-23,119.47075162050584,119.7455340534831,119.06781690908055,119.32823452904194,103
2023-05-24,117.88029551327153,118.19615889692254,117.79231636325066,117.88584974103654,696
2023-05-25,117.60650477362465,117.62972823589581,117.4785427907808,117.40680708291698,469
2023-05-26,116.52512984451691,116.78568630330469,116.51424030516662,116.47587319564767,358
2023-05-27,115.37536491699753,116.18424700136944,115.12065501463579,115.4903974931835,559
2023-05-28,115.4462260522661,116.1985687257728,114.59454669051381,115.27782613991849,681
2023-05-29,116.07677958981742,116.73984021300284,115.25427246769951,116.01129578752486,646
2023-05-30,116.26339358947325,116.99991494531433,115.92930029476628,116.19750094880416,314
2023-05-31,116.14440383524993,116.92250112504348,115.18257032301135,116.11604497172736,927
2023-06-01,116.71508973761844,117.52384568024637,116.00669421078908,116.77529464270684,610
2023-06-02,118.27738271586546,119.14336545821936,117.68407104388291,118.35871861554085,601
2023-06-03,118.83961406964656,119.16601365489329,118.45449674695989,119.02471535781828,615
2023-06-04,119.10696525272515,119.80827395445034,118.13256968328069,118.92413412190434,103
2023-06-05,118.9684756460893,119.96408796411689,118.10819431633442,118.75684112002772,447
2023-06-06,119.40760640020632,119.51591258400282,119.38600881262079,119.24985582345388,653
2023-06-07,120.30708469253915,120.63525543302016,119.55287749481717,120.25229833058104,660
2023-06-08,121.69102460911499,122.57864222197865,121.28434708152624,121.73101430486987,491
2023-06-09,121.25199946441522,121.3439876180587,120.64655161801096,121.39409970336169,929
2023-06-10,120.32411324322777,120.52449922864149,119.57750460010826,120.3559584154634,301
2023-06-11,118.69419459521171,119.11729937925247,118.52563561198167,118.85926950643909,264
2023-06-12,120.29487512119529,121.12675117669914,120.08981184776393,120.31253304709594,190
2023-06-13,119.19826229267703,119.78491870537202,119.02679826623783,119.18508222775478,973
2023-06-14,120.18553097682478,120.9878486444666,119.47983864259905,120.20135857858952,506
2023-06-15,120.50055199105716,121.14012597041535,120.4161354350143,120.63732858769337,183
2023-06-16,118.71765790190499,119.22281776072194,118.7083259156398,118.64276611403879,426
2023-06-17,120.46851181627562,120.9882952100169,120.03853598635331,120.3754059716484,497
2023-06-18,119.83257262015522,120.38969783414339,119.82071176569113,119.9173815169188,782
2023-06-19,121.7473833100736,122.65514311766044,120.90371026778753,121.56873457871906,509
2023-06-20,121.48507912367147,121.93250754202558,120.86613040620315,121.42332716612364,213
2023-06-21,121.54300524565441,121.70483772952677,120.99409909477704,121.53841830326118,812
2023-06-22,123.05026169619607,123.79848526966663,122.13755626565394,123.08106233361909,218
2023-06-23,123.3462535643965,123.65979959905098,123.01595894319631,123.31378872201478,599
2023-06-24,124.59190955355947,124.91828138044802,124.16432497652178,124.66563380901508,198
2023-06-25,124.05113945142341,124.80732834929206,123.61309376054868,124.02342654813386,441
2023-06-26,124.76292295881095,125.20690709969053,124.47471121257054,124.73653873831545,558
2023-06-27,123.42423855062033,124.39949662843075,122.730931534965,123.24394271450645,209
2023-06-28,124.20486801190118,124.89284512721346,123.36228417254299,124.20903867940392,649
2023-06-29,125.23108222859764,125.7417389789699,125.06585315628861,125.33684204475583,482
2023-06-30,126.26347417912314,126.28475331170648,125.40876495621377,126.31558641693454,398
2023-07-01,125.1400203454219,125.58698113191052,124.9656799846108,125.15981533304186,497
2023-07-02,124.90938358921493,125.26719077800557,124.16568403418731,124.84831415277716,134
2023-07-03,125.55523620854717,125.79936913569779,124.66296401061823,125.46812627182767,623
2023-07-04,124.00532543354063,124.83935605752214,123.48119981217532,124.0262702424337,217
2023-07-05,124.23671294177547,124.5006687823483,123.29744287083734,124.3278571444876,566
2023-07-06,123.40714657362221,123.5967556486865,122.61528028480336,123.44129865842001,237
2023-07-07,124.02502299907285,124.39125688017249,123.31620156806922,124.05792124383656,195
2023-07-08,124.2627831208827,124.80789001563711,123.99513954512909,124.3930855013094,890
2023-07-09,124.4375510612069,125.16978099512366,124.35268720203996,124.38090023716029,130
2023-07-10,125.6710707097777,126.58427244593376,125.20609317737953,125.72057844369415,649
2023-07-11,124.10593345210437,124.96490544350495,123.55417937749345,124.12195639509285,778
2023-07-12,123.97059835196654,124.30122983866922,123.95521383393435,124.05401498789283,765
2023-07-13,122.1578685145902,122.62726651266152,121.66186160733658,122.18136232941816,416
2023-07-14,122.2764956719544,122.6329835635983,121.34540881941345,122.14557533419304,535
2023-07-15,122.63958342745707,122.88865318857825,122.6252394457032,122.59779008997361,240
2023-07-16,123.53218111280697,123.66291381188593,123.08134720310942,123.47821592250745,453
2023-07-17,122.3442567663069,122.47089989296447,121.84999240376925,122.28727170759569,966
2023-07-18,121.57202798159472,122.19910723936042,121.36687901672167,121.47988835324675,262
2023-07-19,120.27907046637543,120.41240196990363,119.60248086753481,120.01612028039173,276
2023-07-20,120.78069233754658,121.10378627142077,120.4465248057024,120.89748071257648,929
2023-07-21,119.52134081635721,120.14341435425999,119.46601664367319,119.57344948618433,327
2023-07-22,118.2185961299844,118.52370970947486,117.98860976171264,118.13925527105812,646
2023-07-23,117.385045041301,117.58303265001204,116.6442724435809,117.32532860466137,441
2023-07-24,118.53797605008634,119.06404097080659,117.95780746259922,118.40928229894583,709
2023-07-25,118.43743384119044,118.44914012558185,117.91263934484998,118.62275618971277,879
2023-07-26,119.97164050078442,120.26454790400061,119.38891365399694,119.96381987456546,618
2023-07-27,121.98390367836058,122.00985322796629,121.059182416188,121.82515080119833,746
2023-07-28,121.87592285237258,122.50970128997463,121.69794706639595,121.89224790136205,557
2023-07-29,122.24442288625931,122.66145190094636,121.25258276800182,122.29823246466187,301
2023-07-30,122.65106034303474,122.6707639462965,121.67434696656187,122.69012343185389,688
2023-07-31,121.70963018894047,122.68644826457555,121.56204249281869,121.67319943630449,815
2023-08-01,122.21532513510489,122.980189205698,121.24674055323001,122.36211194128617,201
2023-08-02,122.80291561522236,123.2257071804635,121.94662436297982,122.84842590611585,979
2023-08-03,124.31437111265366,124.70463778748703,123.44279549396451,124.49030896633734,149
2023-08-04,124.08978258621927,124.12087966032762,123.64847625321538,124.03615624301622,206
2023-08-05,125.46268785187277,125.9223234923138,125.00844068150487,125.43546239433702,186
2023-08-06,123.67477142132509,123.83148841289113,123.17341577100933,123.8228631612855,102
2023-08-07,123.53042468868928,123.66045040368826,123.1987779004668,123.68642017085607,579
2023-08-08,124.16073809121502,124.4980005341567,123.22270596459352,124.21380278604408,933
2023-08-09,124.38964827363588,125.12216434886783,124.24181197580862,124.46683608483737,247
2023-08-10,126.02289827620268,126.59027349750608,125.59448988111299,125.86453101011386,839
2023-08-11,124.44125459943339,125.25028147161706,124.15328281258581,124.44657789762392,802
2023-08-12,123.80969644448584,124.55379237311624,123.5599883636481,123.79751310565284,954
2023-08-13,123.60135348486047,124.14232905747073,123.42866974077316,123.67514062869016,478
2023-08-14,123.85508168388571,123.89761837120327,123.44557185394916,123.80592129712367,399
2023-08-15,123.78607464758335,123.94004060241112,123.50005894409833,123.78418564665643,206
2023-08-16,123.18530773805577,123.22355577213213,122.55634175827015,123.1896529876672,578
2023-08-17,125.23214108479783,125.76930494507921,124.64095261233003,125.23908079022972,778
2023-08-18,123.83915359563153,124.44824421185997,123.70559099027396,123.91860241453907,795
2023-08-19,124.09409118048463,124.95353736562497,123.5470484914799,124.10987368983947,164
2023-08-20,121.60587020260198,122.43556427382978,120.93867246009125,121.67805686913962,287
2023-08-21,119.56265476427384,120.1846830711354,118.86222017317122,119.48673354124105,119
2023-08-22,119.98621692084997,120.40635583101877,119.47225223679706,119.79561146141077,801
2023-08-23,121.06495987402928,121.4060315894446,120.71400817411643,121.10659288798125,996
2023-08-24,121.36378307423094,121.88398282454277,121.32251609391555,121.51598987483484,667
2023-08-25,122.05381850060448,122.29300695634886,121.23276874474449,122.14114769202503,259
2023-08-26,122.031026816946,122.62106744615342,121.90128614415416,122.0542328395399,695
2023-08-27,120.49907899865748,120.83018914844534,120.29166280662113,120.42777314307153,133
2023-08-28,118.83146866979484,119.19132171506497,117.85296209240873,118.86240201807057,941
2023-08-29,118.62364160870061,118.89666284566601,117.94154722594182,118.61966060234666,230
2023-08-30,119.54964482399281,120.39357862611675,119.32289726760581,119.47485985990274,742
2023-08-31,118.25783501990898,118.47148859378522,117.9120116890691,118.26643652868938,146
2023-09-01,118.8922298089895,119.2943452980144,118.65551099086159,118.79714175254625,538
2023-09-02,118.40166759980148,119.23384567178311,117.89812436335676,118.33480349577614,148
2023-09-03,118.07826313372323,118.6946636728181,118.05073260652425,117.98750022219106,115
2023-09-04,118.8303797672123,119.64911085308583,117.9263726650447,118.66254012580607,527
2023-09-05,118.12346138761522,118.96656132941537,117.84085532621333,118.14814821265685,701
2023-09-06,118.31968226648453,118.44043480860347,117.73268240400647,118.43540927066923,457
2023-09-07,117.23919096529035,117.67858920086651,116.35576540405906,117.06014729686252,893
2023-09-08,118.37895461831103,118.83643610874137,117.97975604964425,118.27144727308144,238
2023-09-09,117.28117106825472,117.88261603506706,116.47516026527717,117.25347911633882,620
2023-09-10,117.0075856948016,117.92607149051148,116.39569615384228,116.98347279101041,756
2023-09-11,117.3106628522712,118.06889019980675,117.13078369966394,117.38153299751569,505
2023-09-12,118.30380299331587,118.41923737209794,118.14005464479331,118.32358963913511,346
2023-09-13,118.15538228178194,118.33314362635531,117.51308210306877,118.01465417397246,836
2023-09-14,117.55117326946132,118.40534662255138,117.41719362634231,117.32937779178349,732
2023-09-15,117.63139751603941,117.92835649919239,117.4657770753415,117.38763871546381,843
2023-09-16,117.50515517698443,118.04718782592845,116.59634205406536,117.59287331359795,916
2023-09-17,116.51969126316475,116.81334839905477,115.81273068240097,116.44122218854345,101
2023-09-18,116.3217708923938,117.09992077967208,115.4540129319083,116.25532196871251,933
2023-09-19,116.69650961360966,117.27197681493507,115.92931327226121,116.73485769585734,590
2023-09-20,116.27619466983636,116.54604079876772,115.42393268984704,116.23170371528583,609
2023-09-21,116.21136886183763,116.79166942305976,115.38636408454705,116.20243900161994,396
2023-09-22,117.86222447929876,118.37675258966054,117.77892438277632,117.93911143530151,825
2023-09-23,118.2222013861633,118.24407953162527,117.64525590417415,118.15336265737004,338
2023-09-24,115.79246001488663,116.13773713119096,115.47321940120142,115.88815637003309,817
2023-09-25,115.71190872433391,115.96881548792385,114.72990369593336,115.74237179917137,163
2023-09-26,116.122506974181,117.07873636658094,115.78709199379533,115.9880554228342,556
2023-09-27,114.77749947760212,115.5370522632728,114.42281882359372,114.81126090773564,915
2023-09-28,113.36078240116251,114.32379303263546,112.71547385814533,113.23786203297824,871
2023-09-29,112.87497545306263,113.02366116824949,112.70510262548416,112.86954865936518,263
2023-09-30,112.95892507572532,113.29326750674794,112.25053167839322,112.86773869154054,397
2023-10-01,112.32049853235725,113.17868615981406,112.17451864006853,112.30148753760187,521
2023-10-02,112.47760191919713,113.4043035735704,112.28788765003101,112.48471268918752,487
2023-10-03,112.24950268554471,112.64807281824291,111.61957346769222,112.3288613166506,393
2023-10-04,112.87989821055795,113.56104075590687,112.66039631660604,112.960691996482,991
2023-10-05,114.62426239319439,114.84259711495143,113.91781492615553,114.60439393887565,512
2023-10-06,114.52641842612833,115.43501910930566,114.23216352561465,114.57961970086347,472
2023-10-07,115.69349500215712,116.67774195002829,115.59028902584834,115.55636130876023,746
2023-10-08,117.01861134779011,117.03919770594464,116.35781634951495,117.00061659952375,516
2023-10-09,117.41808083271161,118.16097847603143,117.33207156185013,117.58764813615012,530
2023-10-10,118.21223171076198,119.10708072796014,117.67671520460189,117.9975082849375,927
2023-10-11,120.10127954277553,120.16844949301056,119.54814046216921,120.11019509145443,425
2023-10-12,120.7803096966178,121.24240560377974,120.45551563296425,120.83677090282711,993
2023-10-13,121.62598158792048,121.9594534133358,121.4220291147023,121.76196807820641,654
2023-10-14,120.76902518354102,121.6810763512061,119.95734658134485,120.85569005331566,819
2023-10-15,122.49587379659447,122.93790702189246,122.37594690567286,122.63630773024545,569
2023-10-16,122.33873098542799,123.17010205783797,121.49279651584685,122.26992452878031,925
2023-10-17,121.38378707230788,121.97744960278939,121.10448947798281,121.25378733467267,441
2023-10-18,120.49810695982077,121.2802030323658,120.48572944183395,120.52520644117259,332
2023-10-19,119.98680216714331,120.65809549386307,119.25426303652534,120.15640688503512,925
2023-10-20,121.38622342300359,121.5921157172975,121.28609417273681,121.33199778813153,332
2023-10-21,120.60440473183301,120.97115001131851,120.30961441815697,120.52388804814748,712
2023-10-22,120.41241767360242,121.13116353538015,119.95020764789211,120.44794652729169,542
2023-10-23,121.19423642524546,121.64089883562414,120.3737670435737,121.2672315856907,339
2023-10-24,121.80552066238916,122.13616544716085,121.80027870342136,121.89629863756609,146
2023-10-25,121.68165282216647,122.41333575226398,121.10069341772152,121.80900315793139,914
2023-10-26,122.75326285534018,122.76517519076206,122.25459204255066,122.93193657649766,470
2023-10-27,123.16504179629024,124.15352451542638,122.85793745067765,123.16835562308864,484
2023-10-28,123.7413224824643,124.22466765575888,123.18962860122481,123.86103256034177,953
2023-10-29,124.27567910593223,124.38152208189086,123.8356693562601,124.17513849485057,339
2023-10-30,125.89061626072899,126.83957280111397,125.05850528848963,125.96439574625411,655
2023-10-31,125.14044473837296,125.48482815210451,124.55309661703757,125.20885038931935,280
2023-11-01,125.27895406026965,126.04587707428632,125.18667567800138,125.18571652048128,219
2023-11-02,125.42570884084829,125.5900006297729,125.34955120317275,125.4237129711857,185
2023-11-03,125.67998398432513,125.81236663388042,125.64201738672337,125.60145220697487,709
2023-11-04,125.7222490506778,126.1719345037448,124.89016976083585,125.66674991287289,998
2023-11-05,125.49203340753589,126.07188078144394,124.95556914368973,125.39755214696852,441
2023-11-06,124.98343984629163,125.21187644959778,124.43930793932986,125.02882313219568,429
2023-11-07,126.67063253918371,127.64349320793673,126.18119781631977,126.66127091578646,742
2023-11-08,126.28873158095787,126.91612552633686,125.46069223937847,126.41160657983716,119
2023-11-09,125.40151569806144,125.63229935755761,124.5091161379387,125.30706107886228,419
2023-11-10,126.26550810158261,126.6827462321994,125.76771683616076,126.25438266625956,321
2023-11-11,125.49434234442924,126.18631253345369,125.30409792348958,125.41375124667634,395
2023-11-12,124.72986422108148,125.40789698632784,124.72437726017483,124.80049244347343,237
2023-11-13,124.80694225045016,125.61121730739089,124.7703966258663,124.89382136464627,516
2023-11-14,124.31655038761123,124.90498714752755,124.01291909539782,124.43238393378276,871
2023-11-15,125.64710800943278,125.85161003738072,124.91735348804718,125.75605180679615,552
2023-11-16,124.5852824798646,124.71379054681137,123.69992573526986,124.65582162924895,454
2023-11-17,126.7896466478212,127.45145910113894,125.87467458177487,126.7674647261858,838
2023-11-18,126.96021382406008,127.75588959300968,126.14055067561041,126.91181803281,732
2023-11-19,127.12406586514304,127.93644696756228,126.71614599131141,127.14398985097225,202
2023-11-20,128.54759378630936,129.26636904240132,128.080978736734,128.52222382149614,669
2023-11-21,130.13479883773374,131.11845860609893,129.43061699778022,129.99887303628228,753
2023-11-22,128.879814221342,129.3487975159811,128.29255308500942,128.83326555288573,724
2023-11-23,129.61054062249292,129.92610792779448,128.9793069648525,129.68486833924663,529
2023-11-24,128.5040477786428,128.98264484467512,128.32988983296033,128.47675921477136,942
2023-11-25,129.89201339871443,130.38050345538315,129.1720265372504,129.92419355036154,307
2023-11-26,131.84317808064128,131.98398391064143,131.33401970054788,131.69078578349792,313
2023-11-27,132.01338912349837,132.35882120587593,131.2231388873709,132.19148798248793,254
2023-11-28,132.06636784738424,132.32137579735442,131.28175355203427,131.8949523125445,149
2023-11-29,131.46693403839973,131.73026461792466,131.27788403563594,131.4185985479152,991
2023-11-30,131.10483737623179,131.30935839433542,130.99514135843611,131.09708302254134,830
2023-12-01,131.99310827568394,132.447683521388,131.38585550072776,132.07626833572672,516
2023-12-02,133.1358752769994,133.7793574787231,132.35179260032595,133.0640963880875,338
2023-12-03,131.16959648811027,131.80180257425476,130.75783993005007,131.09754548324432,406
2023-12-04,130.6013011612738,131.27466926339017,130.025493296084,130.68664330139626,246
2023-12-05,130.03879438039465,130.89030086595997,129.45380259432633,130.08595628296897,859
2023-12-06,131.20950867099882,131.41564117942022,131.0306462859157,131.24749048205388,884
2023-12-07,131.80060061921074,132.60130188769358,131.4698901142365,131.6974329177787,961
2023-12-08,133.04148443656976,133.85887011145874,132.97684049475134,132.85562058254848,292
2023-12-09,133.37557991180975,133.53207671944625,132.4284134764776,133.30590893303622,176
2023-12-10,132.06211503089094,132.19312480105864,131.2979352157622,132.07653797916987,304
2023-12-11,129.66545406895162,130.60255555920216,129.49720634070147,129.78542136713418,155
2023-12-12,128.56992778895756,129.27711446380968,128.37444501183086,128.68045636051488,678
2023-12-13,128.69822125807553,129.07675081383306,128.5376719744794,128.77760826817803,965
2023-12-14,130.1194687674873,130.227702270947,130.10290840967846,129.9656148341334,727
2023-12-15,130.37203217398587,130.52244344670848,130.15094367684992,130.43394349513855,432
2023-12-16,130.5176042954161,130.69926482362013,129.68857616538233,130.41054592455936,225
2023-12-17,129.5970722274563,130.582171636712,129.5746414892112,129.5959264267614,876
2023-12-18,129.06506337523032,129.33980958305693,128.57144202682773,129.05774909031385,916
2023-12-19,127.44945019828238,128.3866762026519,126.6679359933287,127.45406162708856,857
2023-12-20,128.29809602995624,128.94106778407541,127.80668377336617,128.25660325832817,188
2023-12-21,129.00278608197067,129.14215201911423,128.51927437616064,128.89231083628147,775
2023-12-22,129.7540767262617,130.0346366510598,129.08122401145184,129.94269291638395,730
2023-12-23,130.86273033237256,131.5327060262778,130.3878800796745,130.93748673235476,800
2023-12-24,131.21784143292098,131.35177813264937,130.42213670791128,131.28951066811166,446
2023-12-25,130.68424421365089,131.44273456715817,130.2037416766985,130.8630996673913,864
2023-12-26,131.1749254275469,131.91423306702043,130.18960977360013,131.22156541369932,547
2023-12-27,133.4074534303429,133.62624530210806,132.7262133192625,133.52896378311368,227
2023-12-28,134.7058391016729,135.14503909019442,134.62875938043808,134.60992419213156,184
2023-12-29,134.9943663973931,135.16364029150282,134.029339361219,134.98330322625338,865
2023-12-30,134.04310495947317,134.54395051799563,133.48613522285046,134.0178532235339,737
2023-12-31,134.8462539740915,135.0219412996307,134.7518168617855,134.92850071475976,382
2024-01-01,136.13319813768277,136.6928795767213,136.05058600012777,136.18043646566966,620
2024-01-02,136.97353220476703,137.26744507553593,136.8155637893664,136.8692463067293,528
2024-01-03,137.71304260039432,137.7441597788415,137.42198574582756,137.59386053833657,200
2024-01-04,138.8282349747442,139.48477983063958,138.49772036358615,138.72438725289723,429
2024-01-05,138.98634599489066,139.35981073356868,138.78729640484556,138.94466293895286,652
2024-01-06,138.16315515338653,138.51828744342708,138.04491939343708,138.28440835873778,394
2024-01-07,139.07854820171576,139.50732970005248,138.89100967329676,139.07894192354536,546
2024-01-08,138.59826886208356,139.33520050301385,137.90772434577798,138.543794381191,703
2024-01-09,139.54116509225585,140.53136543630322,139.15221945161204,139.72062355129873,178
2024-01-10,139.22869309185168,139.25677508615235,138.66028980923016,139.17153509867018,809
2024-01-11,140.4194832878923,140.82584399056418,140.19825580335032,140.5108736333381,747
2024-01-12,140.60761499638437,141.4519433386626,140.32997540130305,140.69786802104258,158
2024-01-13,139.8892600914267,140.06435312045272,139.38948457309814,139.96301068621773,593
2024-01-14,141.2279945062129,142.15328611435194,140.95922928630708,141.04715882174327,363
2024-01-15,141.37863986026323,141.71097994439234,140.42904244756878,141.1434917804898,348
2024-01-16,140.33506879623644,140.63653338223594,140.20944059604275,140.3336219397705,678
2024-01-17,137.99983001934518,138.74778496501762,137.78811144384977,137.95810304081402,918
2024-01-18,138.7271206784921,138.83315676639126,138.50847730216648,138.67913377663248,127
2024-01-19,139.16139765542025,140.06640336088523,138.79555606620553,139.26931348772274,788
2024-01-20,139.73064789193336,140.3850228311336,138.96184585776462,139.6417597167761,211
2024-01-21,140.1664024556725,140.7719594095851,139.52848210349657,140.1582521764819,542
2024-01-22,138.70857595321178,138.73306096158382,138.45071690937672,138.7133429066676,523
2024-01-23,139.5924031934518,139.90533759473038,139.4947444604437,139.48061056568898,728
2024-01-24,138.82242023762404,139.67007638900338,138.03095666553193,138.99384494799094,949
2024-01-25,140.3637144754582,140.5767669274478,139.43226706657106,140.06676328169357,382
2024-01-26,139.9959674359057,140.81443589079012,139.5191308175947,139.95795118427372,194
2024-01-27,139.04116009559556,139.65109329867892,138.25154193944473,139.12945028812442,133
2024-01-28,138.32285599702539,138.61778442200418,137.39812178439266,138.26989038478297,118
2024-01-29,137.15880167096608,137.8808564850553,136.56184127267872,137.25385011545396,465
2024-01-30,137.50004030003714,138.09153021339444,136.73949013824685,137.52928395772778,945
2024-01-31,136.34115315459036,137.14372311025255,135.48075539794667,136.34725749043258,808
2024-02-01,136.34578396030705,136.50565967445388,135.53233676207185,136.24655105887658,206
2024-02-02,137.15499130733144,138.06416241557196,136.7617983630536,137.20677815806573,277
2024-02-03,138.13563880558547,138.9205712207351,138.13429157409786,138.09735556478014,422
2024-02-04,138.62657052120093,139.41270909174048,137.65510807694807,138.57074733751284,132
2024-02-05,139.09541724839556,139.98096612188354,138.27887933690224,138.9806679968001,730
2024-02-06,140.67330036783179,140.85770185423152,140.0162454498423,140.68204192203763,264
2024-02-07,140.1311100998488,140.91122934871242,139.7497992616788,140.08157544292328,553
2024-02-08,138.58619471192347,139.4010711454956,138.4685493600223,138.70708857850505,353
2024-02-09,138.99671523365578,139.4284217105935,138.00864600564668,138.9560094421175,795
2024-02-10,139.72846723223188,139.74859372911683,139.15648479817054,139.61186993887725,861
2024-02-11,139.78151938792425,140.4241850520578,139.52592222064848,139.65318971507662,207
2024-02-12,140.0106133852904,140.3872789143325,139.06032659414566,139.9554075419253,604
2024-02-13,138.6629422760774,139.02244879680782,138.36581973463186,138.74366116411423,328
2024-02-14,139.19005475394894,139.90921640776838,138.3981281971196,139.31134854843629,376
2024-02-15,138.41722384526443,138.7321540176701,138.29262848699088,138.36308174805524,401
2024-02-16,138.83772948769857,139.31301323374174,138.26966956056592,138.77095788078742,812
2024-02-17,138.56065276798643,139.0791904399079,137.6367713264355,138.507671606004,864
2024-02-18,138.30607967145045,138.84379404548812,137.37105783372797,138.36417436486525,728
2024-02-19,139.49550686316638,139.78586821486218,139.06400173238308,139.46286464064104,518
2024-02-20,139.22915356557715,140.21292951484767,138.64764847266923,139.35130133403143,977
2024-02-21,139.41027196405284,140.0381968782708,139.17090477231213,139.3871047583279,801
2024-02-22,138.3369543027465,138.70191525959484,137.82753678563174,138.42214053984205,366
2024-02-23,136.30708771391434,136.99277387286205,136.15616033340322,136.357772868688,795
2024-02-24,137.3103417125442,138.2942794335384,136.68152222154092,137.40171489588846,679
2024-02-25,136.17225859930625,136.50470796503146,135.85229243794006,136.37205332068814,145
2024-02-26,137.32078971993272,137.70599699044274,137.12641955943144,137.43998668250788,931
2024-02-27,136.56112025909596,136.75533920297133,135.62993339808116,136.54812891458775,916
2024-02-28,135.47636286702033,136.0880547698989,135.41414787057727,135.50098517557475,558
2024-02-29,136.9180502067993,137.46604216048917,136.05472299137048,136.988988917198,277
2024-03-01,137.99443905901518,138.52951821676743,137.89474212557516,137.88648383104263,676
2024-03-02,139.22790968367454,139.64615140365908,139.16107699002887,139.11243189635607,571
2024-03-03,137.37504523331063,138.34747980886368,137.12103269017038,137.3701590515012,287
2024-03-04,135.93215644171656,136.9321190932327,135.11453773540197,135.85324248320254,385
2024-03-05,134.6768347626866,135.3054444698723,133.89869664109136,134.89195599827403,563
2024-03-06,135.49711300582953,136.33294921793484,134.74211166035494,135.50590099536407,634
2024-03-07,135.9004708170779,136.82422063390737,135.74414896490597,135.69236689820326,337
2024-03-08,134.21799992309263,134.62171376812677,133.94409933051318,134.09298748222332,714
2024-03-09,135.88467418997033,135.92368965218026,135.59624730333806,135.81713065949953,990
2024-03-10,137.02888992382674,137.91594271881593,136.6869853025531,137.05723067015677,666
2024-03-11,135.71311400705633,136.19869020233213,135.09310645905404,135.70453492283585,865
2024-03-12,137.07829879345815,137.85747993853133,136.11139001462067,137.1503873112175,539
2024-03-13,135.63072881718693,136.54030535021897,135.17892246014475,135.79842199264033,834
2024-03-14,136.93959033289417,137.48732911612322,136.60138269700377,136.86726518620057,305
2024-03-15,138.46354622487655,139.03024867183672,137.9523035963782,138.3793520466171,260
2024-03-16,137.79094487615487,137.96196322270347,137.28382758692453,137.80794895345684,567
2024-03-17,138.51074131934143,139.38567392777597,137.5198439027146,138.5185294547275,300
2024-03-18,137.98960771196778,138.11876199021518,137.54034640018475,138.19323689351188,204
2024-03-19,138.7975976376809,139.69649325478744,138.08260903736013,138.8374918815711,317
2024-03-20,137.78415234904253,138.24034568905017,137.35092452551444,137.72377795093252,634
2024-03-21,139.10262642917402,139.88049279266974,138.44647646746438,138.9248107451138,583
2024-03-22,140.35582400130042,140.38018116587955,139.94719127745273,140.30648269790245,630
2024-03-23,141.71963548050536,142.5105695653709,140.79290923794736,141.74428453436772,896
2024-03-24,142.65945013664918,143.51624239327896,142.2422017987532,142.69521858686716,406
2024-03-25,142.11705310926993,142.76172528305923,142.08320719686873,142.00842417078243,246
2024-03-26,141.4143185853288,141.77817715907477,140.83998730009714,141.5328136266997,371
2024-03-27,140.32262093180506,141.19379273145364,139.46385474063788,140.35015587789192,248
2024-03-28,140.67534910187504,140.75732228554767,140.18358605186134,140.6131442817743,882
2024-03-29,141.94592444765158,142.14436205078863,141.01278079475404,141.92451980544408,990
2024-03-30,141.69187698184106,141.7707626791337,141.1071087916971,141.62461573046758,720
2024-03-31,142.63054073301726,143.3802450013727,141.99422607497172,142.76848719262082,791
2024-04-01,143.6880006343972,143.70773933068372,143.214080456393,143.49857847822096,151
2024-04-02,142.85742576281447,143.4840164520871,141.9933750684169,142.87083662111658,255
2024-04-03,143.41120670659615,143.5692967639352,142.53941939217106,143.62589912132313,956
2024-04-04,143.21649463977326,143.77592102718071,142.91871229688766,143.13894382186308,675
2024-04-05,142.54105441309477,142.98747340552694,142.3561821256684,142.60564077484653,831
2024-04-06,140.2461261686537,140.83296402772592,139.98915414737837,140.19824964579755,606
2024-04-07,142.05568417454407,142.3203657678194,141.28896360584207,142.020841696302,780
2024-04-08,142.51362820296788,142.92416356087517,141.96031245937775,142.38702078284476,769
2024-04-09,142.03150928099922,142.18634006181375,141.3719540846927,141.9145511216357,661
2024-04-10,142.2393260130142,142.6031727569306,141.67872534013867,142.05987020131644,356
2024-04-11,139.42879917367117,140.1088213578026,139.05778707321792,139.4607988525487,686
2024-04-12,137.7750727437872,138.74440976818286,137.09946868273087,137.7580412960766,529
2024-04-13,136.59248319774338,137.24904673495945,135.72072530779866,136.51214743923276,855
2024-04-14,136.61785254799702,137.25479689508884,136.27911197665324,136.54540399350412,231
2024-04-15,137.4861726132889,137.84196817772025,137.11978673939205,137.3570907940758,567
2024-04-16,136.7798127270517,137.68517458311712,136.0911751084402,136.7978791480662,532
2024-04-17,139.57732861361936,139.7126695777017,139.53136585382612,139.59425965590188,165
2024-04-18,138.82649820991392,139.19464890209468,138.0591422750959,138.99065206363866,147
2024-04-19,138.06865792554,138.77120065467918,137.73519783046612,137.92933212046984,645
2024-04-20,137.46556512045612,137.8330163220193,137.42650505105624,137.60334528187633,583
2024-04-21,138.12999690830057,138.9622092959976,137.75300663923412,138.08914175880224,805
2024-04-22,138.58522948811736,138.61244067898352,138.35994083024056,138.6412762140795,278
2024-04-23,139.1660134460322,139.26163764049556,138.74611411578528,139.05737737750286,623
2024-04-24,138.05148288787632,138.90745438180585,138.05127412917776,137.88353581886517,956
2024-04-25,140.04427561523298,140.3855987227426,139.90715736674272,139.96517600027272,311
2024-04-26,139.95102660939312,140.9182046760857,139.7734401517719,140.07209133390782,184
2024-04-27,140.3218134719624,140.70675032306616,139.80263308287383,140.26576171331956,645
2024-04-28,140.09622169227356,140.13900450448887,139.55530736839964,140.17347151717937,616
2024-04-29,139.73253333871529,140.30622859345726,139.30780002615467,139.72141585330402,994
2024-04-30,140.4883975585049,140.6331300532333,140.47779071502856,140.52820179996235,758
2024-05-01,139.3628926046752,139.89726590540005,139.0868456687218,139.32258956989725,525
2024-05-02,138.15635582801409,139.02791796182302,137.76022179468035,138.22957619935747,139
2024-05-03,138.0914962508943,138.28595348181338,137.17723790130682,138.1010108607045,408
2024-05-04,137.36387602941946,137.4588390736323,136.98733284651652,137.26133250726716,593
2024-05-05,137.79037264778447,137.88806639632742,137.11010712948618,137.55682307820652,960
2024-05-06,138.8872570524421,138.9964875784636,138.7438469996636,138.6202878596392,890
2024-05-07,139.25551193497904,139.67238148668292,138.77756719201525,139.30622147378625,641
2024-05-08,140.4258263545634,140.73229340067573,140.06197062995005,140.4145269084778,155
2024-05-09,141.50434097944373,142.42291633334335,140.98538172125626,141.36750699245022,262
2024-05-10,139.24237149040817,140.01623361080647,138.41191796111005,139.23530584638377,157
2024-05-11,138.2988782319605,138.34233479847188,137.62796410613618,138.31175523716487,419
2024-05-12,136.38966351014693,137.36820971988348,135.59959098679278,136.31796600356074,781
2024-05-13,134.82019404535194,135.02837786527402,134.4896233592331,134.83491373472714,988
2024-05-14,134.971715960732,135.42146375503657,134.7056846047996,134.77304948718185,870
2024-05-15,134.4188666782106,135.30101502475227,133.890995969935,134.4310434968124,651
2024-05-16,135.6884404194519,136.14423358525366,135.68280828038291,135.74881442222423,579
2024-05-17,135.01368985360963,135.1745230388721,134.0939086645956,135.077696040772,857
2024-05-18,134.99618247452483,135.29691891705778,134.33837245210194,134.89661883929784,630
2024-05-19,135.97746081632823,136.8129618925836,135.1667964892711,136.00240224331563,311
2024-05-20,135.01535865706308,135.53236803040193,134.63471846809335,134.91561729378006,303
2024-05-21,134.3485173498721,134.44971886246873,134.11965416469545,134.49277530841806,696
2024-05-22,133.63751727804998,134.3871231424626,133.00114529410217,133.54823169359315,255
2024-05-23,133.06893900540163,133.8720352245127,132.51343446662787,133.22738145743094,338
2024-05-24,133.95928620490372,134.73260161711934,133.8530799251454,133.84783900169217,406
2024-05-25,131.93691380081722,132.38800276590473,131.72890269118315,132.03280646916627,220
2024-05-26,132.2431080421858,132.26231510103673,131.3659909102194,132.18383117246753,383
2024-05-27,133.60068142025088,134.25329202264192,132.91942182695425,133.57809602384916,318
2024-05-28,135.01692335103735,135.6496124051239,134.7892953356659,135.0019854193897,484
2024-05-29,135.30881672325194,136.1290015475905,134.37470276976327,135.42791526908388,653
2024-05-30,136.39783035871977,136.45642566266562,136.1454329916701,136.30133060652383,348
2024-05-31,136.99316042488925,137.09105677165036,136.28994443445407,137.0464554740291,973
2024-06-01,136.41980819832406,137.04464007632302,136.21936859495017,136.44977416196872,317
2024-06-02,135.8309044856572,136.64829407342617,135.1604404931469,135.90567066875388,837
2024-06-03,134.81141579227494,135.03566878589544,134.78764575300642,134.82509749343552,404
2024-06-04,135.15293577250213,135.85196941873662,134.21872207978623,135.14962337372904,860
2024-06-05,134.95883708780423,135.5229692896362,134.25858905954792,134.9488507947671,955
2024-06-06,134.6338076394211,134.9800793039647,134.36300939477795,134.42336997684345,659
2024-06-07,136.189363623007,136.39709253271033,135.23492378262424,136.18486171560482,298
2024-06-08,135.98237587668643,136.55745939314178,135.41082708397323,135.7677563364094,379
2024-06-09,136.39233799183188,136.55259805861658,135.57896482302368,136.24364974082252,652
2024-06-10,135.67976499199932,135.7295717355692,135.25704260519714,135.6897053458813,596
2024-06-11,134.94526743762407,135.18679869891474,134.76827597141605,135.066439867383,849
2024-06-12,136.680799882447,137.5445972189458,136.0486721196448,136.55794247412388,403
2024-06-13,137.10832160245866,138.06053113516967,136.35282792582967,136.9188757612489,479
2024-06-14,138.1788060565067,138.7378673463635,137.70197162398156,138.24912193241707,133
2024-06-15,137.50043921071256,138.30428700158006,137.4472133042319,137.5152174492817,632
2024-06-16,138.09733257005982,138.409721278175,137.59760869934743,138.3377108686277,238
2024-06-17,138.45623422241192,139.15175804297562,138.42218161648975,138.56301291972426,650
2024-06-18,138.38408779326193,138.62443126647514,137.9580501792546,138.4536342763171,868
2024-06-19,138.43671988039233,138.66881221517662,138.0474976817933,138.45842852005546,560
2024-06-20,137.27886071339182,137.99232167262778,137.05046237553245,137.41694588437332,321
2024-06-21,137.3161029290491,137.9084402606892,136.94366579288084,137.41342219391262,471
2024-06-22,137.58853526692297,138.19258553920022,136.67275652885655,137.4998976583828,177
2024-06-23,138.6281457078268,138.82770116004832,138.39744197509674,138.65116224516322,372
2024-06-24,138.35116198619227,139.29604371769443,138.11819768394287,138.27972293111037,147
2024-06-25,137.17360511491285,137.6429107939854,137.06879962823808,137.05858419086036,476
2024-06-26,138.204616241684,138.95988556205552,138.09692969098282,138.0954383707186,840
2024-06-27,139.59549405536234,140.06481679042398,138.83649153115334,139.6450494134943,814
2024-06-28,138.59346529801144,139.30879521460903,138.53070986522266,138.47429757608168,971
2024-06-29,139.64344100756756,139.88384137038227,138.64890907710557,139.6363590283681,914
2024-06-30,138.7904859045162,139.16413123839934,137.910252034767,138.75265382883413,230
2024-07-01,140.61466664925666,140.87853784612636,140.05710344058332,140.56616846470297,963
2024-07-02,141.36814374782773,141.56201567978164,141.0254089199481,141.45681800571273,807
2024-07-03,141.23563367311036,141.23904611171804,141.1341737339536,141.3045253421605,580
2024-07-04,141.214855542095,142.17455314610078,140.4977359649517,141.1632684811968,606
2024-07-05,140.72069591668694,140.76720953125712,139.79867640945366,140.68689329343957,898
2024-07-06,141.66444091765516,142.37859171324882,141.50478678520153,141.73587718543567,169
2024-07-07,141.9705301630801,142.53211765137118,141.75759902629653,141.88670567697343,344
2024-07-08,141.62357352054693,141.84573648273087,141.59549175261836,141.61201106431542,970
2024-07-09,142.64163387343316,143.2204242753909,142.10166356909582,142.6870391620316,282
2024-07-10,144.04164267443912,145.01273020735871,143.96534411204797,144.17258135010144,621
2024-07-11,143.9439359192657,144.10106689460858,143.39758151139281,143.93735447254574,235
2024-07-12,143.59506158877954,144.53235134335026,142.72126235865358,143.57785316112742,730
2024-07-13,143.93282841684018,144.55042769393035,143.63550813000975,143.77257083517682,752
2024-07-14,142.0324939743023,142.73692500238124,141.28139321335112,142.17369662367304,839
2024-07-15,143.34715468296298,143.5655830956846,142.9300850213306,143.367631252902,953
2024-07-16,141.40591586350396,141.8828423045283,141.2357462855763,141.4791314640754,143
2024-07-17,140.1240377292167,140.81536237514212,139.50638291963176,139.9995849993492,134
2024-07-18,140.8869647846838,141.5415199327469,140.1237331992245,140.65054294939168,666
2024-07-19,141.65927918418393,142.13912785025758,141.3676274248043,141.61631815728478,300
2024-07-20,141.84090013629523,142.24035722900976,141.8313187564462,141.8806207089208,883
2024-07-21,140.06176351546287,140.5019201968312,139.2724086860992,140.0562063430768,672
2024-07-22,140.74542228243016,141.25255167121915,140.64708284745475,140.84327775918229,326
2024-07-23,141.3235262286513,141.43237893094238,140.45147028192014,141.25829322438068,656
2024-07-24,140.142469926958,141.08215642472624,139.53586949639538,140.11018367637666,813
2024-07-25,139.95257275059504,140.1038517959255,139.7498639251295,139.94604345709962,209
2024-07-26,139.6521794381104,140.26928622899615,139.25157106155157,139.62887829258878,648
2024-07-27,140.2320648805449,140.68435208566154,140.17233375377873,140.16201706894918,996
2024-07-28,141.00599407392636,141.48295940120016,140.68323854287948,141.0306145914615,672
2024-07-29,141.31112014113415,142.2755946585315,140.7176901338685,141.23872255065257,261
2024-07-30,139.87689976018152,140.47184476715526,139.06540595729055,139.9688950728028,430
2024-07-31,141.44971376622277,142.11657904986484,140.82735721876242,141.53337403643016,383
2024-08-01,142.23936315662837,142.2817673585573,141.9458715271689,142.25521106519628,248
2024-08-02,142.18239289596,142.2001111594147,141.54594220604613,142.02078095409632,340
2024-08-03,143.99793734217698,144.98414802025383,143.14942289078598,144.28348725911331,976
2024-08-04,144.40681854323358,145.31866379202452,144.1094586440317,144.3160527509904,187
2024-08-05,143.99673854302887,144.6540461296152,143.40508607540647,144.07114178390867,350
2024-08-06,144.16852038065798,144.8044199738752,143.7207130685533,144.05235574755417,419
2024-08-07,144.72067136062145,144.91954928348176,144.61615660721728,144.7564372042356,410
2024-08-08,145.8603511782195,146.69984165225682,145.1495973851696,146.05838771188598,482
2024-08-09,144.53825139690434,145.29275380167425,143.58615695686402,144.59958488792216,308
2024-08-10,144.57512601742266,145.39806123421923,144.34806624920338,144.33575088925303,154
2024-08-11,144.96456426468563,145.56023106156434,144.23074269883242,145.25413022379632,141
2024-08-12,145.0952488860848,145.9422791520003,145.06821240074703,145.06701724795732,365
2024-08-13,145.18203432852255,145.60599766824436,144.20842171898744,145.13354038661177,625
2024-08-14,144.77768593713444,145.4949527898665,143.92743269706398,144.7947446481703,533
2024-08-15,143.79760169445265,143.89401392461878,143.58903444250572,143.71786935804664,255
2024-08-16,143.37336061171038,143.9770969549012,142.92613786371263,143.47257253040326,285
2024-08-17,143.3389667594486,143.80441002366732,142.90997665769572,143.2422157809208,858
2024-08-18,143.7933873855746,144.3823634298634,143.59647123189146,143.86128418130187,828
2024-08-19,143.83006969292475,144.27479057136898,143.52673218532664,143.75324354261508,772
2024-08-20,142.41954228936862,143.25135343925612,141.6873202853975,142.5471418728432,716
2024-08-21,143.59397417224247,144.45982333783564,143.0143270229075,143.48386150589755,769
2024-08-22,144.1558022690851,144.95018815441856,143.2572228297481,144.0618095594645,712
2024-08-23,144.1526787344251,144.35369175711355,143.2140566192504,144.3238566431446,690
2024-08-24,144.1569310954034,145.14408302607018,143.4741099243604,144.21168302984853,267
2024-08-25,143.0147122038424,143.17960474837554,142.3258556615534,143.01886065834353,593
2024-08-26,144.11845366333068,144.3791159628903,143.8937765320596,144.1094710318623,326
2024-08-27,143.73314274690014,143.83437514837993,143.0974657981231,143.64034954879776,580
2024-08-28,142.348438744538,142.37835252159417,141.96253142477764,142.40450595105278,156
2024-08-29,141.38095153089415,141.51412727203325,140.87550560153343,141.4919428913447,959
2024-08-30,141.16721407095778,141.68754736990832,140.78583722292353,141.18859580163607,773
2024-08-31,141.02182391997653,141.24123444600002,140.127132968266,141.03794934498285,470
2024-09-01,141.5195896568573,142.11700259407272,140.73271341008098,141.6107028706372,473
2024-09-02,141.87943204713974,142.2901870171413,140.95110139285876,141.8131286454912,566
2024-09-03,142.54085335429406,142.63655849731168,141.60990423596752,142.67656527097657,751
2024-09-04,141.84899247724627,142.28933512402014,141.1782624709193,141.92760282420352,369
2024-09-05,142.39160107277291,142.80249050192583,141.70235015676778,142.285635182843,459
2024-09-06,140.92783301548008,141.4851144666191,140.80258620903965,140.82484667945138,193
2024-09-07,141.36133714268615,141.63381624588217,140.5273895834808,141.36172856932967,575
2024-09-08,142.69324768091118,142.92974645459554,141.96905769761835,142.7172653678508,235
2024-09-09,143.88645197401524,144.002603772726,143.4183018162748,143.79484902541517,335
2024-09-10,142.17669549070226,142.49341406644717,141.78790187989904,142.1159966679545,299
2024-09-11,143.64386381547945,144.24405871040884,143.22904928737276,143.59401447979783,299
2024-09-12,144.53625918763754,145.19876062103629,144.39640344693484,144.51260929797945,233
2024-09-13,143.71447763426067,144.16878105622098,143.45616753209003,143.6578377409814,472
2024-09-14,143.83416487137507,144.73423865881958,143.3890846260304,143.75613639929261,870
2024-09-15,145.2575420122361,146.10128994418704,144.91003260635637,145.1593959847387,272
2024-09-16,142.95277491939862,143.7790618515829,142.9332422665453,143.13581051999893,944
2024-09-17,141.8765761264026,142.29214064265383,141.24968427801392,141.74881721639815,486
2024-09-18,141.32648819546108,142.0931771762807,141.21995854126317,141.32324701301957,256
2024-09-19,141.1849432504229,141.74717193691853,140.33481634716136,141.38113062749716,769
2024-09-20,142.3736539218973,142.560972811474,141.52584131129686,142.3263988095422,203
2024-09-21,142.07320662472648,142.42854224836552,141.30356751303432,141.8065500507484,194
2024-09-22,142.3417402149651,142.636296905617,141.6034042611496,142.17205936951328,202
2024-09-23,141.34358921843756,141.72069945671936,140.76731252508003,141.4197861604541,669
2024-09-24,142.3643561422188,143.27833246011863,141.63213557388593,142.4394745775162,709
2024-09-25,143.02981959142494,143.19117570042144,142.99406452200807,142.8785381174685,828
2024-09-26,142.9255575043929,143.55792784982557,142.77901065960353,142.87320233488074,227
2024-09-27,142.06405463974602,142.35804252205912,141.87888950877493,142.10753313817554,289
2024-09-28,141.43107646848952,141.52823589231738,140.69922481257683,141.34983892912524,530
2024-09-29,140.08091085623755,140.70190628135876,139.2694192724177,140.0202006862105,988
2024-09-30,140.8623410561143,141.00647208070484,140.52121071600382,140.7851079883763,764
2024-10-01,142.48416252122564,142.8285677733682,142.45651099743904,142.43420300191758,757
2024-10-02,143.4418118542943,143.63395049908988,142.53440441639674,143.08375965044908,854
2024-10-03,142.95067063765973,143.18766640191674,142.555562995768,142.74503229201594,657
2024-10-04,143.5379304308377,144.36958496707626,142.9174176261745,143.59375563013978,300
2024-10-05,143.50636774855639,144.24488158085651,142.7470634848354,143.55926876299364,620
2024-10-06,144.3682794341183,144.6848558373171,144.2937663645576,144.41000055747972,797
2024-10-07,142.38432643251866,142.92428522904194,142.38257494046684,142.42775462748043,505
2024-10-08,142.50491702409425,142.50604476075125,141.75179615771455,142.47975065779227,652
2024-10-09,142.12464273145716,142.68337949847913,141.68555303599993,141.93341446284853,461
2024-10-10,143.27469625503085,144.05456179559414,142.67732559499615,143.19920607221022,433
2024-10-11,143.15804944655414,143.92511328698677,142.36637494587683,143.20425348332844,941
2024-10-12,142.60160609368768,143.54526186608254,142.2429401993857,142.68960214228628,436
2024-10-13,143.78549224999287,144.7260883140501,142.9864794154341,143.71205540931976,385
2024-10-14,142.69760065537733,143.15608309027417,142.51942755178536,142.83646680505694,750
2024-10-15,142.03593113678443,142.38727311083377,141.50972311299293,141.86809120736672,170
2024-10-16,141.92943040126153,142.84856764933542,141.1366832410299,141.8150118275767,539
2024-10-17,142.4503355699274,142.51624444553448,141.9377781215626,142.65947672666726,947
2024-10-18,142.14259476403006,142.52515291799543,142.11094617762683,142.1055300843755,255
2024-10-19,142.3751697114834,142.96472514472754,141.68518271230124,142.49295684613548,937
2024-10-20,142.87533574462378,142.97330047643524,142.4481096734978,142.7640652705266,566
2024-10-21,142.60601471332518,142.98688124005673,142.55326699420823,142.63858275762937,387
2024-10-22,143.62421179017494,143.99436263340579,143.34216719866495,143.55279687984435,117
2024-10-23,144.48085025781324,144.53698056051962,143.64248735660553,144.46102216221195,257
2024-10-24,143.9081355723892,144.67789836859305,143.71195917485025,143.81523146844708,105
2024-10-25,144.07505750828756,144.94269945854344,143.47318605018984,144.12940337369312,867
2024-10-26,145.10411647661797,145.14267551562745,144.32490983425907,144.85067349662555,671
2024-10-27,144.64592955535161,144.88828039314933,144.07972713689875,144.63140146223222,377
2024-10-28,145.68383318312138,145.9272924404236,145.5523931429485,145.77683737995838,113
2024-10-29,144.87875933758124,145.13304519358974,144.49490376152818,144.85927842023565,466
2024-10-30,147.0877523098895,147.30599390701354,146.28267734861504,147.00354530923312,727
2024-10-31,146.46455817693268,146.6350179273375,146.08135861819844,146.45799011747872,991
2024-11-01,146.95945598365714,147.13037435943207,146.01729214273587,147.10434453267254,822
2024-11-02,147.56896640600735,148.47920647726798,147.17110707658102,147.41719000902734,510
2024-11-03,147.98768474154343,148.5284355986708,147.28807719333034,147.99609101599722,693
2024-11-04,147.88476870971024,148.60703178325988,147.43875530809976,147.9283786039176,321
2024-11-05,147.62171233282643,148.61122767542153,147.5327606881373,147.69873549430488,634
2024-11-06,148.23458586972316,148.61612622243499,147.6825189951879,148.25498452773164,317
2024-11-07,147.4467288027378,148.0687856506034,146.68299558113716,147.36671008016614,533
2024-11-08,147.82671045086192,148.43916602762746,147.10029788824025,147.88999256874496,209
2024-11-09,147.6383226912289,147.9460544504528,147.56730902071854,147.69339513771448,161
2024-11-10,147.49436182412748,148.0153594672387,147.3063165826708,147.3928038675241,905
2024-11-11,147.26013469643453,147.46471781298646,146.8807940910317,147.25065124222886,424
2024-11-12,146.88827628206485,147.00782381249527,145.91511395969516,146.95218667858873,525
2024-11-13,146.3401041310383,146.4157107932402,146.21993879263874,146.29789175602812,660
2024-11-14,145.67888999851138,146.36431155351514,144.90453130155456,145.63330779601438,631
2024-11-15,148.63551592537286,148.8787241970562,148.29402798942104,148.78734411321634,886
2024-11-16,147.0662437065119,147.91816391039842,146.31925091257114,146.96921974061308,795
2024-11-17,146.7435317715304,147.2344548985231,146.3211287390164,146.7392062306154,362
2024-11-18,148.75297929897107,149.43600356457398,148.11863973542745,148.7075933308335,427
2024-11-19,148.0901027862896,148.1043105985376,147.90050040254627,148.21765809424707,296
2024-11-20,148.79608326508594,149.2505416409985,148.6954984361467,148.58989623471473,799
2024-11-21,148.56646849642408,148.78129434119865,147.66955849414535,148.62759191887255,239
2024-11-22,148.88991919265402,149.5706722460144,148.52303451410276,149.04021658180304,230
2024-11-23,148.71382471730487,149.07947189485367,148.31346638909392,148.58040481826453,885
2024-11-24,148.80985252972502,149.35847683243998,148.69382240520912,148.82424684493714,192
2024-11-25,147.0187784764176,147.45237894156864,146.6087751714735,146.93167465011177,419
2024-11-26,148.33983944472726,149.02364694443446,148.1051274049033,148.36056546096282,962
2024-11-27,147.2409855416242,147.33326471828786,147.11457899971643,147.15006877399443,407
2024-11-28,146.46867576720342,146.8374856800759,145.87845526208415,146.39799953060083,297
2024-11-29,146.9100096615295,147.7810077933445,146.38971854024456,147.0711947682504,648
2024-11-30,146.55335455747144,147.30190804496308,146.31316367367614,146.5064451698949,613
2024-12-01,148.3007002759025,148.7272403424685,147.34174800911708,148.36668715585316,682
2024-12-02,147.9737597832487,148.3269009215345,147.95645716524353,147.8974269781462,126
2024-12-03,148.20798375585053,148.93502073952493,147.6143503159547,148.27878988648433,513
2024-12-04,146.5007426805731,146.80607857995238,146.41941565600823,146.45308962749928,555
2024-12-05,146.52184599352753,147.4399421856857,145.55163793812565,146.6107633165794,376
2024-12-06,147.49881920444403,147.93422687716506,147.05908506673046,147.47838174600994,399
2024-12-07,148.10617103248396,148.48053854372037,147.23396080380567,147.93235394974454,574
2024-12-08,147.8605748940692,148.61162363485838,147.2310987390153,147.82565675699382,184
2024-12-09,148.97730246808075,149.24484978446702,148.24405196489136,148.9737452383715,936
2024-12-10,149.52532428801845,150.1474977796299,149.12384045102138,149.59278893770767,412
2024-12-11,148.73070515684543,149.14714208289953,147.74057561670142,148.78208920957482,635
2024-12-12,148.39712292611546,148.67010988807934,147.71733635252386,148.37280744319375,490
2024-12-13,147.9918343303452,148.80337598121815,147.46496374529895,148.15284065280025,763
2024-12-14,146.81719281348612,147.37825168204404,146.70244729164096,146.76734898723137,931
2024-12-15,145.07797714377028,145.3858565166016,144.3676338740547,145.0300363895934,168
2024-12-16,145.8683513666332,146.8229457468542,145.29426967319608,145.77579897610505,886
2024-12-17,144.50006110013553,145.22963726108594,144.22576961100876,144.61522897772443,523
2024-12-18,145.27479897247215,145.78518994683978,144.9866405525147,145.19812182243518,658
2024-12-19,144.50276813387978,144.68109946282024,144.17797299848058,144.68943205419052,125
2024-12-20,142.85553317209343,143.36888500918718,142.66317107268875,142.77649148643746,252
2024-12-21,142.62597615663088,143.39640925262216,142.05931926135568,142.5040817712434,651
2024-12-22,142.61378459095087,142.80151227483913,141.97997512141126,142.61917811392888,571
2024-12-23,143.01954138225105,143.65270888860536,142.65555450117088,142.89497576666258,497
2024-12-24,142.0490568495926,142.9569305996713,141.28468128757365,142.10144193363712,505
2024-12-25,140.89183856557992,141.64073415054847,140.53601516842502,140.85250383706207,662
2024-12-26,139.8892203409884,140.11011180218634,139.4332390688655,139.8779495234879,917
2024-12-27,141.1999293808994,141.39094109032015,140.62605185761575,141.17102674370193,780
2024-12-28,141.02214930946232,141.6865349904443,140.6377415278474,140.90252774292543,881
2024-12-29,142.35701843909436,143.07271668657881,141.81388962527296,142.30202401147153,890
2024-12-30,141.6028062879679,142.33805245860998,141.188055437963,141.56305961779267,890
2024-12-31,143.32151359592413,143.5499914668555,143.30428555413545,143.27435015400704,351
2025-01-01,144.04172466026046,144.53752975744126,143.18468642992627,144.08359433402694,319
2025-01-02,144.31203232972544,144.6500064658984,144.12743628006635,144.45387969606284,338
2025-01-03,145.42974382729756,145.48553226565141,144.91152666744682,145.53177421407054,799
2025-01-04,145.41560707189603,146.32348077610277,145.40790540327836,145.39465995809178,795
2025-01-05,147.35977174077175,148.01811040106858,147.07625772808882,147.40533866738605,423
2025-01-06,147.5609844510708,147.62263597509664,147.54453428413177,147.80354522653852,135
2025-01-07,147.71485958569468,148.5827915303601,147.64608269532542,147.6355743560594,382
2025-01-08,147.27237324215835,147.48843061512724,146.6622388362294,147.3488723937302,510
2025-01-09,147.42787234749875,147.92639972745053,146.75779689894014,147.45721947821036,695
2025-01-10,146.7828233806162,146.9943083297309,146.37952274799503,146.70136176663377,460
2025-01-11,147.11451509155933,147.6284621113126,146.8483055222468,146.98573548659513,245
2025-01-12,149.2291532343031,149.7076428491127,148.32410582832804,149.30242294368307,861
2025-01-13,151.4980203366904,151.85440246301522,151.46563293351886,151.51366347290204,805
2025-01-14,150.56364557951335,150.85102627856372,149.73777100309582,150.7585700613196,396
2025-01-15,151.25117424634718,151.79565237506927,150.52089037779197,151.24013378404388,848
2025-01-16,151.20105575017132,151.3940259758024,150.4575870874749,151.2169997547189,802
2025-01-17,152.61878575135069,152.81751323758112,152.41086140902516,152.57340549104734,498
2025-01-18,153.85519751540593,154.62137582802282,153.35566902041376,153.7147287743138,432
2025-01-19,153.57957565151645,154.0990326226949,153.5645747578717,153.5153530190603,536
2025-01-20,152.27336646310525,152.33537007280694,151.27867287598326,152.2480366068629,650
2025-01-21,151.5324353070459,151.75074612233277,150.7462468095482,151.61472384912392,552
2025-01-22,150.0555332630981,151.01114103110976,150.04295528794614,150.1940738277959,134
2025-01-23,149.2135188407401,150.14259715435392,148.24073473023185,149.35745314859236,848
2025-01-24,148.17138430467688,148.91943624817443,147.95260032883306,148.11098653565836,448
2025-01-25,148.74977087225375,149.1463635481088,148.61142532202774,148.68849345241827,872
2025-01-26,149.47172645593795,150.46683502784603,149.2809867225881,149.51248044836316,518
2025-01-27,148.773458855152,149.68868869614695,148.40617441363943,148.65843119571394,577
2025-01-28,150.2028320779292,150.84260162209893,149.44108651125674,150.38898946586423,344
2025-01-29,148.93675465430064,149.8164127086365,148.5859169731953,148.9527882425152,220
2025-01-30,149.71884111667896,150.17687435446743,148.8941926767599,149.6103863095517,691
2025-01-31,149.01002830987224,149.5393141369748,148.11011764860825,148.92805287455775,771
2025-02-01,148.1323376749697,148.94233911008956,147.9954031848585,148.2065350754111,445
2025-02-02,147.28519553990128,147.65335108086015,146.32259216058853,147.36701849519147,378
2025-02-03,147.23859593645318,147.79977900602424,146.3333556281689,147.11655593393206,764
2025-02-04,145.259583134475,145.39606370980457,144.79188313872228,145.1756025765377,696
2025-02-05,146.09471689403279,146.56648091162293,145.5078881922371,146.1720446480723,282
2025-02-06,146.4918404723147,147.13347082787357,146.07836447919252,146.54300690220305,687
2025-02-07,146.26748458872873,147.14284944162276,145.3961304171252,146.4549906192794,829
2025-02-08,144.1360804132319,144.54884692583138,143.54518989430449,144.30503643405666,490
2025-02-09,142.88575451817223,143.18913207348322,142.24300696143075,142.8890125543801,832
2025-02-10,143.38530202315854,144.1175689975633,143.1749544859028,143.37696932419252,676
2025-02-11,141.45180632880525,141.94431100836155,141.19765866923822,141.3614025702807,792
2025-02-12,140.59042180605957,141.1713677444933,140.44588870705647,140.38762348256768,476
2025-02-13,140.74418480962782,141.3165127544175,140.42686577576407,140.7252142154827,541
2025-02-14,139.50188948707046,139.60143504674298,139.3051239654118,139.45346362229523,527
2025-02-15,139.18541388308378,139.58475266344308,138.51341486080094,139.02382231271156,445
2025-02-16,137.93608180912736,137.98454321185807,137.44015358701517,138.02732202621294,146
2025-02-17,137.29797734930787,137.9086531348069,137.11629745746077,137.23798773752688,388
2025-02-18,138.75570169684568,138.98966585437532,137.87223394092646,138.81302264478205,560
2025-02-19,139.24005213203856,140.18523637431477,138.50880660332882,139.28124218224394,152
2025-02-20,139.31729156334555,139.44513461939403,138.76754887124306,139.33895953430743,484
2025-02-21,137.82200666124584,138.54463097815295,137.57365215651603,137.87468590155592,685
2025-02-22,138.464940652119,138.6206955438926,138.02412657679173,138.50379214549412,743
2025-02-23,137.47764172935155,138.37652515983532,136.7027614481271,137.49893266105093,194
2025-02-24,135.84595859613208,136.84328185493578,135.71754571494094,135.86003548302088,404
2025-02-25,134.58249762455765,135.29589145779914,133.73668382747744,134.56743225530016,200
2025-02-26,135.01105701225464,135.6643308146754,134.1438212912497,134.99181524881064,679
2025-02-27,133.98974949945693,134.29269603098243,133.59886088925703,133.9109007056301,295
2025-02-28,134.74802525499615,135.5673870633287,133.83415759345954,134.77681048229505,968
2025-03-01,133.40678556312216,134.22791520311685,132.53322238356472,133.35041792726645,628
2025-03-02,135.1893255142948,135.33371757704737,134.5215713064254,135.17856146754997,333
2025-03-03,136.20592621311107,136.596408605206,135.57903457793836,136.21687008304104,330
2025-03-04,135.92903022056805,136.29545696387603,135.10547035390053,135.8246755819921,205
2025-03-05,135.79050083044064,135.85737060728692,134.94531833386847,135.7910002303694,595
2025-03-06,136.7746159916033,137.14420262116732,136.47139578442767,136.7556849212941,442
2025-03-07,136.4843149290428,136.7958263326527,136.18953606205093,136.70287397539713,107
2025-03-08,138.01485140152857,138.35003184694492,137.42252957467576,138.01763956788673,439
2025-03-09,138.21534897091817,139.03463417156124,137.42526920004457,138.24056906935192,793
2025-03-10,137.96988191435003,138.3697079045162,137.0727921604233,137.87988724088612,416
2025-03-11,139.36950526410072,140.1040523844458,138.63774298545493,139.45466977798424,557
2025-03-12,138.47564307712892,138.83849259761914,138.28023679323715,138.63218546377453,958
2025-03-13,139.78807528482227,140.16512331864067,139.43640239681295,139.80209553088847,957
2025-03-14,139.54467704091007,140.1764658042665,138.7004643180268,139.70941863898975,401
2025-03-15,139.0667212921924,139.39811944522495,138.71954487948636,139.10469454405595,251
2025-03-16,137.16390490294714,137.30168971325605,136.20977672257695,137.16322699300957,341
2025-03-17,137.63316628297497,137.93950831118013,136.87503674479143,137.5777530317404,351
2025-03-18,136.17934852965863,136.86029262170655,135.84322988839338,136.27265285205027,516
2025-03-19,135.4664404478217,136.41803701943428,135.43514389125286,135.44642741380088,598
2025-03-20,135.22583918328337,135.55702200518942,134.68850511754465,135.05745728581024,432
2025-03-21,135.97215755029313,136.59204087686132,135.59189685111699,135.83599119402334,982
2025-03-22,134.56764987816098,135.15472917375305,134.259309642821,134.61112680825275,671
2025-03-23,136.4600439807911,136.68196395887233,135.65818622381875,136.47029463459953,849
2025-03-24,134.87335526088026,135.27177408583904,134.13423308695016,135.05250948252592,531
2025-03-25,136.37145575663592,136.5833734827409,136.06075330308886,136.3974911924613,485
2025-03-26,135.25217342640303,135.439664508114,134.5295295900635,135.19674795356235,578
2025-03-27,135.38106669744946,136.00635574838498,134.69026399747153,135.33809505263827,342
2025-03-28,134.8518239495582,135.29250503911345,134.28407352157456,134.8873621602304,238
2025-03-29,134.6866854801052,135.1325617027278,133.70258958236514,134.76453201858152,497
2025-03-30,134.14273342930755,134.5451655541392,134.01482092219408,134.12895349602744,671
2025-03-31,133.84643343471654,133.85333317176904,133.37491153509072,133.82241797680047,141
2025-04-01,134.00423259390274,134.32301241888132,133.9340399475044,133.94417604064108,994
2025-04-02,134.20710552469666,134.86328208732004,133.44412352575753,134.18554867086453,653
2025-04-03,134.9879380260794,135.05967234505133,134.17218807232695,134.95321542784592,142
2025-04-04,134.58396192722083,135.3189321728723,134.51106020469123,134.47741338430012,882
2025-04-05,134.42746781128545,134.55586396484185,133.9430629396549,134.44515247063393,466
2025-04-06,134.02857414506872,134.43685297132404,133.33336304478513,134.04373512777735,986
2025-04-07,132.7034007765292,133.15306348972243,132.60643481021643,132.7637883794702,445
2025-04-08,133.06116585572562,133.42194198338512,132.1661669080037,133.01760826522593,190
2025-04-09,134.04742992634698,134.9750189429878,133.3642861381126,133.7473194040577,799
2025-04-10,134.48101262403725,134.68553954086377,134.29911942029364,134.49606090348527,767
2025-04-11,135.3539792205854,135.49330025269143,135.00585847520438,135.2752695850483,624
2025-04-12,135.4721099599412,135.6361871168292,134.90146986158868,135.408757561011,189
2025-04-13,133.28523880281315,134.2180995044219,133.11220096578384,133.0878267530099,258
2025-04-14,134.62816991843624,135.26748577938218,134.44876224934495,134.71701438638468,922
2025-04-15,134.38357218623773,134.5013863359404,133.4221970571824,134.5909661685981,101
2025-04-16,134.17541127642363,134.42583683236955,133.48199781028455,134.41009452589182,837
2025-04-17,132.89303485227663,133.32365817643577,132.1034779565444,133.07877428186907,776
2025-04-18,133.23089561990622,134.065661594493,132.39940010607864,133.18703679310593,216
2025-04-19,133.34341275126081,133.96002077214112,133.30667077103868,133.44905812824572,188
2025-04-20,134.8766311719866,135.22292031844125,134.18879852400264,134.91192572162078,699
2025-04-21,136.0652965107769,136.74476208621778,135.3937354447664,136.0658509174141,536
2025-04-22,136.24699938173822,136.24715366058814,135.86546698172535,136.18978750165178,416
2025-04-23,135.0658429230664,135.40147349155149,134.59889969711145,135.1872037130754,538
2025-04-24,134.0459019211214,134.91161042149972,133.96805664524257,134.118538635391,540
2025-04-25,134.60823064291822,135.1876990245258,133.83601943569693,134.74685184576433,438
2025-04-26,134.86701218723869,134.99145519592707,134.82439898041062,134.96847413814294,403
2025-04-27,134.8333799713215,135.75563523012426,134.18997815442737,135.01359563138593,876
2025-04-28,134.97056380964636,135.3220164497141,134.08993635646905,135.01462526500669,159
2025-04-29,134.0397989478011,134.18423990871244,133.34647773214115,133.93450487106944,456
2025-04-30,135.13089461085355,136.0224917589838,135.02234225200715,135.0972577143025,919
2025-05-01,134.9895508699937,135.44372185198074,134.8449385322128,135.08390566530292,633
2025-05-02,134.16166071592426,134.71707476460256,133.85475638185324,134.1991636148699,365
2025-05-03,133.84729148620866,134.38526464785363,133.80908782908426,134.0659872882221,995
2025-05-04,135.00375424736978,135.10747808513273,134.79668814612657,135.2121520365907,356
2025-05-05,135.96992386519997,136.74587941302624,135.47008205182914,136.02982486265557,134
2025-05-06,136.93377524299672,137.59660855302582,136.4713059306028,136.9234999548055,637
2025-05-07,136.26431167734333,137.09618925453418,135.8968838064741,136.45587511970746,626
2025-05-08,136.05916041278329,136.6934506140455,135.55763769169786,136.17953097649408,801
2025-05-09,135.08481602338804,135.16379900287663,134.4174877975854,135.22938391038792,372
2025-05-10,134.70886925951058,135.27849886202333,134.48387756613707,134.57362702379342,488
2025-05-11,134.59412884794006,135.33662883332178,133.96689910627222,134.47641482871128,646
2025-05-12,135.888868181165,136.2004312408616,135.68651125077113,135.75411277405496,163
2025-05-13,137.91152142942522,138.32638935576287,136.92546414588872,137.79231635114562,595
2025-05-14,136.64159819882,137.32496310012863,136.64123519979643,136.58466598598972,237
2025-05-15,136.3587651958661,137.09775908304297,135.78129962498036,136.3050852300448,630
2025-05-16,136.2378954841961,136.47840789234124,135.4402475110311,136.2844741059594,838
2025-05-17,136.24007589663063,136.79768869441048,135.2783207462209,136.27196315045947,319
2025-05-18,135.78821526843927,136.31067107278713,135.66731965745117,135.7554865100256,249
2025-05-19,134.73219419058947,135.64562040950275,134.05292417240946,134.7238590049706,774
2025-05-20,133.9473021243122,134.24972898062933,133.29375756789054,134.0105951717964,660
2025-05-21,132.67833355766362,133.02134423072818,132.44051812172847,132.64073698607953,148
2025-05-22,132.45456192297817,132.77622874597742,131.82643551828042,132.46635597977263,238
2025-05-23,132.7401889198778,133.50411871935316,131.75954898598266,132.74897534025374,570
2025-05-24,133.23914140633406,134.0362049165595,132.67258753344385,133.15516557301387,949
2025-05-25,133.8216929230349,134.14295673494277,133.33584368465438,133.81424356894797,183
2025-05-26,132.18651912424892,132.6995519526874,131.96395534823301,132.10823506495902,590
2025-05-27,134.65812374279275,135.593219945618,134.00208804650646,134.82094263301983,466
2025-05-28,135.77032334013558,135.81245964656776,135.27491097337884,135.66335941688965,304
2025-05-29,134.6049414665223,135.39011557767847,133.67308128616327,134.72908478331848,888
2025-05-30,135.83522964387902,136.06602568593453,134.8750964122892,135.96396278338125,391
2025-05-31,135.6135666076578,136.23584127784167,134.68131043928992,135.71951792991473,609
2025-06-01,135.74412109520577,136.3739395000214,135.1184347477345,135.70303716295706,958
2025-06-02,135.7238852742766,136.17670437191967,135.28382395183706,135.73693984668026,215
2025-06-03,136.00331205044847,136.40717104218575,136.0011929719878,136.03955397459504,706
2025-06-04,135.00516050523487,135.26605656955957,134.4153134310923,134.9511826445335,159
2025-06-05,135.64056751092156,136.17559597801517,134.85424638608717,135.47582137113992,667
2025-06-06,134.65564522515263,135.23987434397748,134.32360964531924,134.5803718578415,754
2025-06-07,134.77137666178658,135.0521495245391,133.85372759160143,134.86837051175817,252
2025-06-08,136.04869829559422,136.36907635017897,135.20595877469734,135.96147570457177,573
2025-06-09,136.2366481641057,136.5860145233728,135.69355684583292,136.2104449312936,534
2025-06-10,135.8818141667749,136.59599661992624,134.93805493747132,135.7612998062194,168
2025-06-11,134.44387450415013,134.45796575549065,134.38623390584556,134.41754107203178,897
2025-06-12,134.9653661156171,135.29787700441477,134.22641239252417,134.95841487300018,789
2025-06-13,135.22916872431378,135.44454541953303,135.17199117049518,135.26196279693045,276
2025-06-14,136.89828894431622,137.2098733399478,136.0605977099226,136.9964076841432,580
2025-06-15,137.4341102750798,138.2354739581159,136.70608900917733,137.34716242262766,674
2025-06-16,136.94463140117904,137.08526799988869,136.84016196988637,136.9242304287009,223
2025-06-17,137.7546391462912,138.71630710925967,136.9685143559644,137.53400664487435,651
2025-06-18,136.6848093958423,137.36831035595733,136.3643093018839,136.47634772198955,304
2025-06-19,137.14949111735967,137.2006613640437,136.28557467328292,137.1300568103894,877
2025-06-20,138.09949232817624,138.13280340175336,137.71601070046992,138.2438682612532,701
2025-06-21,135.45042102072748,135.70806336464398,135.28739511057958,135.4934804727546,644
2025-06-22,135.27961771713018,135.89714993603204,135.01938912005687,135.2207643253439,426
2025-06-23,135.81130788036762,135.9388362270213,135.12087799018005,136.13874673843085,868
2025-06-24,134.71962020596635,135.0990860090517,134.3209499495026,134.80372182973667,500
2025-06-25,134.63175358918988,134.69408147516296,134.24161625696829,134.83761716171966,691
2025-06-26,133.46384764376364,134.35711796677705,132.80758668999707,133.56770748825878,205
2025-06-27,132.20648733178976,133.05148274757678,131.28762636434067,132.02869517168287,199
2025-06-28,132.13652651561583,132.18858534534183,131.3740065057331,132.1568501658052,790
2025-06-29,132.08293873363405,132.4375714516453,132.01904994083918,132.04476885733698,950
2025-06-30,133.04692343195234,133.35504924185497,133.03020635800976,133.0732454455722,845
2025-07-01,132.74514331635118,133.06470884308433,131.88496141109795,132.69344718382393,945
2025-07-02,133.8684420475839,134.76332546687843,133.60256749766188,133.88238598490824,807
2025-07-03,133.12714000935696,133.80542804855713,132.79181593693568,133.00412731529383,955
2025-07-04,133.64141125693382,134.11460297757148,132.90559987103717,133.498186874689,604
2025-07-05,134.00998211958185,134.87444219680364,133.3854815447714,134.14960255702817,917
2025-07-06,133.94275220725345,134.7091068294794,133.17509027352992,133.93551478373246,757
2025-07-07,133.99421273726813,134.4163494929501,133.8640057531191,134.0895312271529,578
2025-07-08,133.91904862806325,134.4256130907384,133.00977004994363,133.91877541934392,435
2025-07-09,134.52381537952996,134.89784630112405,134.02220669442855,134.4815211153567,668
2025-07-10,134.88469575444265,135.3294065707616,134.0475046133585,134.949461194173,719
2025-07-11,135.25227492057934,135.7558352245785,135.11345421771446,135.20649673107175,756
2025-07-12,138.32355649073423,139.29912063177508,138.02810286406364,138.26092908514272,695
2025-07-13,137.49736705629857,138.10695279239795,137.3230768103562,137.40565266330526,530
2025-07-14,137.55320246110108,137.8633182432554,137.39858990332314,137.55726534180596,793
2025-07-15,137.74360766570547,138.45245166491725,137.68228421357614,137.82725399722628,383
2025-07-16,139.1718131170057,139.22333283407397,138.6017170358982,139.06801599618723,976
2025-07-17,138.74542753980958,139.16677874694815,138.57036803806352,138.6479919229568,236
2025-07-18,138.8891724955424,139.03594864752816,138.41153102146376,138.70255619850192,436
2025-07-19,138.09478154164,138.5293420158458,138.05912393103895,138.23181281756888,437
2025-07-20,139.23867274112646,139.69166577911164,138.66726163368736,139.27490532508028,511
2025-07-21,140.08845670891822,140.89191846403807,139.59364518599259,140.10758706022446,389
2025-07-22,140.15452922286582,140.37427489158694,139.60348308309523,140.1177157227782,746
2025-07-23,139.12675783792432,140.0776950521209,138.41619009911358,139.22139852954646,347
2025-07-24,139.17843708124218,139.1789345198054,139.02968478764936,139.0573228294882,943
2025-07-25,139.42997423487554,139.96395278882795,139.09504948126195,139.53606546817963,440
2025-07-26,139.67183474300828,140.19557800529805,139.48391596234958,139.4900296720156,633
2025-07-27,137.42385299108273,137.65840054988416,136.46803851501983,137.53438287523034,843
2025-07-28,137.09446566608898,137.96615128694813,137.00258094505688,136.97162066592918,962
2025-07-29,137.02505711161467,137.65589658325942,137.0238804017972,137.11233561166972,256
2025-07-30,137.4529827383843,138.2862707212619,136.67250177698148,137.33770949431275,450
2025-07-31,136.90244872885737,137.59849626185564,136.70351531791718,137.03788218001904,450
2025-08-01,139.56366975667407,139.86826659786115,139.18615192940243,139.56483680296236,491
2025-08-02,140.3209562047555,140.36572246760312,140.06530246249292,140.28909682220936,687
2025-08-03,140.4525363326226,141.154080995025,140.17245677724162,140.55950969133974,453
2025-08-04,138.86686838331363,139.2579629958522,138.55742807323716,138.87843398298952,829
2025-08-05,138.38733179628443,138.54981877201118,137.714041918478,138.29436394261063,760
2025-08-06,138.93323876970896,139.2690380369066,138.76011196642278,138.9054913534943,947
2025-08-07,137.90173885758173,137.91540618292794,137.4145518132489,137.94848770978078,809
2025-08-08,139.48492594073167,140.41797611839124,138.92629490457864,139.61479938278777,520
2025-08-09,139.35893095763527,139.7759548487446,138.90398719634754,139.4849730796029,356
2025-08-10,139.56116347764842,140.3992500720732,139.38386843016914,139.35568436871563,524
2025-08-11,139.4130767079821,140.3018783524124,138.4224301808722,139.57814589862633,669
2025-08-12,138.57685023900459,138.7156879500312,138.02423103798301,138.62931047565405,236
2025-08-13,139.77699559995773,140.7284267310542,138.82516734085155,139.79889977668495,731
2025-08-14,140.6431397946331,141.3994074514714,140.54475789217796,140.83217555702558,289
2025-08-15,140.08212747546798,140.48945832632901,139.9471524201855,140.05578943638315,338
2025-08-16,141.33235442657997,142.03456285151165,140.74891364182514,141.24292206809488,324
2025-08-17,142.20966154284207,142.73107084167737,141.47888570328294,142.25746098265506,115
2025-08-18,142.56150329659107,143.0113939126433,141.76319904307627,142.59538114038196,468
2025-08-19,143.7423989588578,144.38390106307824,143.30107751413766,143.72696485536733,409
2025-08-20,144.85634144750256,145.1661945472237,144.44558276663426,144.82325826874725,507
2025-08-21,143.7932297263998,144.1975166156464,143.24173993650123,143.7074013096065,171
2025-08-22,144.87591093164167,144.90636200205265,144.50327396958602,144.87903778335556,764
2025-08-23,142.95469445103413,143.13307795245623,142.4372265289954,142.9695287508992,855
2025-08-24,144.53243912077158,144.89873853093493,144.27915879694947,144.54835924695655,168
2025-08-25,144.84216609138974,144.85235214342825,143.8670865860983,144.88968591250614,679
2025-08-26,144.94474164868365,144.96972702539466,144.23047114578142,145.076474414823,378
2025-08-27,148.04522320025126,148.80293843620018,147.65101318048613,147.99267997488946,670
2025-08-28,148.2135918975834,148.9037618749677,148.04161352171556,148.26922045103686,888
2025-08-29,148.1133168975893,149.02211449096376,147.21942190090635,148.17122961710368,341
2025-08-30,148.24070888454784,148.677572550529,147.26817554535626,148.16520020399562,968
2025-08-31,148.58802087477864,148.93922825242782,147.80596735244413,148.47852420627873,913
2025-09-01,149.10327675627906,149.85153048963113,148.64263737013553,149.1712110239232,833
2025-09-02,149.8118745137623,150.6256389311008,149.28269356276041,149.8588441884453,647
2025-09-03,149.86202535699056,150.23683030816474,149.0642581003236,149.97115384928568,888
2025-09-04,147.74036554927426,148.73710488333293,146.82401184024948,147.6739301231992,155
2025-09-05,146.8838068447754,147.8438693533395,146.3050264919906,146.85212586321566,433
2025-09-06,147.9668454972644,148.83813856107514,147.93132350296594,148.04269020453802,749
2025-09-07,150.04020899959693,150.54882205195344,149.33483050262342,150.09262472833387,364
2025-09-08,150.02082408196782,150.24703843964426,149.67079520684047,149.90505561274387,951
2025-09-09,150.76411601269302,150.84465679866653,149.90258087259244,150.93361797647952,929
2025-09-10,151.74797691698294,152.39582781086133,151.388736773734,151.71833767697564,711
2025-09-11,149.9501806042323,150.03369467563002,149.26142319892423,150.13668167948651,531
2025-09-12,150.51710740317853,151.18996678064366,150.36069517303565,150.54143872034325,820
2025-09-13,150.16503854174252,150.552694680431,150.06598986014453,150.01623047562208,323
2025-09-14,150.6703773573023,151.1721113237549,150.58104767123825,150.5724866215912,800
2025-09-15,149.83098936737196,150.0182013581749,149.0206710870766,149.82662506834708,801
2025-09-16,150.96477701825597,151.72020136709418,150.17605876454363,150.9656014501279,754
2025-09-17,152.51684054795584,153.14881796901898,151.81021626547067,152.545779665164,527
2025-09-18,154.1157420551262,154.1736080305907,153.42437802791304,154.0835176154184,908
2025-09-19,151.1794608868411,152.14328364596773,151.0545051165325,151.14241258359183,324
2025-09-20,151.43754941398984,152.31772728962085,150.79745348032205,151.56838232271053,786
2025-09-21,150.8545080936241,151.0826598708505,149.9174945475954,150.78863681800402,332
2025-09-22,151.85784574509887,152.77871149107165,151.16159893361257,151.9714768279289,719
2025-09-23,151.76711495182755,152.60754326351304,150.96184554796733,151.57429383299885,545
2025-09-24,151.58084775756777,151.8748295878347,150.9207005354574,151.65998180235937,653
2025-09-25,150.73346103228818,150.9394002765507,150.33545296466264,150.67714094910895,738
2025-09-26,149.6159819223594,150.4330531616545,149.48539327186796,149.65207990155466,274
